pick_up_zone,drop_off_zone,weight
4.0,4.0,1818
4.0,12.0,28
4.0,13.0,315
4.0,24.0,70
4.0,41.0,131
4.0,42.0,169
4.0,43.0,192
4.0,45.0,348
4.0,48.0,943
4.0,50.0,282
4.0,68.0,1253
4.0,74.0,224
4.0,75.0,349
4.0,79.0,4133
4.0,87.0,850
4.0,88.0,433
4.0,90.0,1195
4.0,100.0,724
4.0,107.0,2962
4.0,113.0,1911
4.0,114.0,1798
4.0,116.0,76
4.0,120.0,8
4.0,125.0,604
4.0,127.0,29
4.0,128.0,3
4.0,137.0,1268
4.0,140.0,493
4.0,141.0,651
4.0,142.0,437
4.0,143.0,194
4.0,144.0,1734
4.0,148.0,2433
4.0,151.0,166
4.0,152.0,38
4.0,158.0,816
4.0,161.0,1087
4.0,162.0,780
4.0,163.0,353
4.0,164.0,1264
4.0,166.0,142
4.0,170.0,1548
4.0,186.0,951
4.0,209.0,332
4.0,211.0,1207
4.0,224.0,837
4.0,229.0,639
4.0,230.0,481
4.0,231.0,1383
4.0,232.0,1009
4.0,233.0,937
4.0,234.0,2246
4.0,236.0,414
4.0,237.0,582
4.0,238.0,279
4.0,239.0,361
4.0,243.0,71
4.0,244.0,100
4.0,246.0,633
4.0,249.0,2332
4.0,261.0,338
4.0,262.0,407
4.0,263.0,471
12.0,4.0,32
12.0,12.0,104
12.0,13.0,236
12.0,41.0,4
12.0,42.0,4
12.0,43.0,86
12.0,45.0,106
12.0,48.0,210
12.0,50.0,56
12.0,68.0,160
12.0,74.0,3
12.0,75.0,9
12.0,79.0,122
12.0,87.0,200
12.0,88.0,62
12.0,90.0,51
12.0,100.0,119
12.0,107.0,63
12.0,113.0,57
12.0,114.0,49
12.0,116.0,1
12.0,120.0,1
12.0,125.0,62
12.0,127.0,1
12.0,128.0,2
12.0,137.0,19
12.0,140.0,25
12.0,141.0,38
12.0,142.0,44
12.0,143.0,18
12.0,144.0,132
12.0,148.0,74
12.0,151.0,10
12.0,152.0,2
12.0,158.0,85
12.0,161.0,253
12.0,162.0,119
12.0,163.0,91
12.0,164.0,208
12.0,166.0,14
12.0,170.0,124
12.0,186.0,62
12.0,209.0,62
12.0,211.0,133
12.0,224.0,15
12.0,229.0,58
12.0,230.0,196
12.0,231.0,322
12.0,232.0,34
12.0,233.0,78
12.0,234.0,111
12.0,236.0,17
12.0,237.0,57
12.0,238.0,22
12.0,239.0,42
12.0,243.0,2
12.0,244.0,1
12.0,246.0,134
12.0,249.0,82
12.0,261.0,191
12.0,262.0,15
12.0,263.0,3
13.0,4.0,418
13.0,12.0,402
13.0,13.0,5269
13.0,24.0,35
13.0,41.0,77
13.0,42.0,46
13.0,43.0,805
13.0,45.0,913
13.0,48.0,3354
13.0,50.0,987
13.0,68.0,4274
13.0,74.0,76
13.0,75.0,215
13.0,79.0,1999
13.0,87.0,3385
13.0,88.0,1903
13.0,90.0,1686
13.0,100.0,2037
13.0,107.0,1789
13.0,113.0,1946
13.0,114.0,1746
13.0,116.0,51
13.0,120.0,7
13.0,125.0,1797
13.0,127.0,23
13.0,128.0,5
13.0,137.0,1043
13.0,140.0,848
13.0,141.0,892
13.0,142.0,1359
13.0,143.0,528
13.0,144.0,1882
13.0,148.0,1089
13.0,151.0,195
13.0,152.0,26
13.0,158.0,3282
13.0,161.0,4458
13.0,162.0,2711
13.0,163.0,1686
13.0,164.0,2196
13.0,166.0,171
13.0,170.0,2627
13.0,186.0,957
13.0,209.0,670
13.0,211.0,2981
13.0,224.0,463
13.0,229.0,920
13.0,230.0,2928
13.0,231.0,8352
13.0,232.0,714
13.0,233.0,1733
13.0,234.0,3369
13.0,236.0,745
13.0,237.0,1388
13.0,238.0,465
13.0,239.0,835
13.0,243.0,41
13.0,244.0,102
13.0,246.0,2814
13.0,249.0,3282
13.0,261.0,1750
13.0,262.0,399
13.0,263.0,424
24.0,4.0,76
24.0,12.0,8
24.0,13.0,64
24.0,24.0,1126
24.0,41.0,1291
24.0,42.0,572
24.0,43.0,1256
24.0,45.0,18
24.0,48.0,1098
24.0,50.0,347
24.0,68.0,653
24.0,74.0,1061
24.0,75.0,910
24.0,79.0,274
24.0,87.0,74
24.0,88.0,31
24.0,90.0,185
24.0,100.0,285
24.0,107.0,284
24.0,113.0,167
24.0,114.0,121
24.0,116.0,532
24.0,120.0,17
24.0,125.0,55
24.0,127.0,116
24.0,128.0,16
24.0,137.0,118
24.0,140.0,414
24.0,141.0,541
24.0,142.0,2433
24.0,143.0,781
24.0,144.0,98
24.0,148.0,102
24.0,151.0,1582
24.0,152.0,567
24.0,158.0,186
24.0,161.0,812
24.0,162.0,516
24.0,163.0,623
24.0,164.0,283
24.0,166.0,1839
24.0,170.0,293
24.0,186.0,236
24.0,209.0,17
24.0,211.0,90
24.0,224.0,71
24.0,229.0,273
24.0,230.0,759
24.0,231.0,168
24.0,232.0,51
24.0,233.0,182
24.0,234.0,301
24.0,236.0,1268
24.0,237.0,938
24.0,238.0,3871
24.0,239.0,3343
24.0,243.0,205
24.0,244.0,736
24.0,246.0,346
24.0,249.0,223
24.0,261.0,33
24.0,262.0,363
24.0,263.0,557
41.0,4.0,87
41.0,12.0,2
41.0,13.0,86
41.0,24.0,1012
41.0,41.0,3369
41.0,42.0,1578
41.0,43.0,1337
41.0,45.0,27
41.0,48.0,988
41.0,50.0,237
41.0,68.0,647
41.0,74.0,2494
41.0,75.0,1650
41.0,79.0,320
41.0,87.0,85
41.0,88.0,37
41.0,90.0,215
41.0,100.0,306
41.0,107.0,299
41.0,113.0,181
41.0,114.0,132
41.0,116.0,643
41.0,120.0,41
41.0,125.0,81
41.0,127.0,113
41.0,128.0,11
41.0,137.0,273
41.0,140.0,449
41.0,141.0,577
41.0,142.0,1457
41.0,143.0,349
41.0,144.0,124
41.0,148.0,153
41.0,151.0,1627
41.0,152.0,699
41.0,158.0,220
41.0,161.0,867
41.0,162.0,479
41.0,163.0,570
41.0,164.0,358
41.0,166.0,2667
41.0,170.0,336
41.0,186.0,284
41.0,209.0,15
41.0,211.0,87
41.0,224.0,83
41.0,229.0,279
41.0,230.0,653
41.0,231.0,240
41.0,232.0,73
41.0,233.0,229
41.0,234.0,347
41.0,236.0,1267
41.0,237.0,889
41.0,238.0,1966
41.0,239.0,1719
41.0,243.0,216
41.0,244.0,546
41.0,246.0,256
41.0,249.0,267
41.0,261.0,29
41.0,262.0,389
41.0,263.0,730
42.0,4.0,26
42.0,12.0,1
42.0,13.0,18
42.0,24.0,110
42.0,41.0,1287
42.0,42.0,1899
42.0,43.0,294
42.0,45.0,6
42.0,48.0,195
42.0,50.0,80
42.0,68.0,111
42.0,74.0,1099
42.0,75.0,498
42.0,79.0,88
42.0,87.0,28
42.0,88.0,24
42.0,90.0,34
42.0,100.0,69
42.0,107.0,63
42.0,113.0,28
42.0,114.0,33
42.0,116.0,415
42.0,120.0,48
42.0,125.0,22
42.0,127.0,55
42.0,128.0,4
42.0,137.0,78
42.0,140.0,115
42.0,141.0,106
42.0,142.0,193
42.0,143.0,47
42.0,144.0,25
42.0,148.0,45
42.0,151.0,201
42.0,152.0,375
42.0,158.0,35
42.0,161.0,233
42.0,162.0,103
42.0,163.0,146
42.0,164.0,104
42.0,166.0,455
42.0,170.0,87
42.0,186.0,95
42.0,209.0,4
42.0,211.0,20
42.0,224.0,18
42.0,229.0,55
42.0,230.0,131
42.0,231.0,43
42.0,232.0,29
42.0,233.0,72
42.0,234.0,84
42.0,236.0,266
42.0,237.0,198
42.0,238.0,212
42.0,239.0,186
42.0,243.0,81
42.0,244.0,222
42.0,246.0,75
42.0,249.0,50
42.0,261.0,15
42.0,262.0,104
42.0,263.0,148
43.0,4.0,263
43.0,12.0,98
43.0,13.0,968
43.0,24.0,910
43.0,41.0,1186
43.0,42.0,547
43.0,43.0,17077
43.0,45.0,243
43.0,48.0,6458
43.0,50.0,1478
43.0,68.0,3077
43.0,74.0,1137
43.0,75.0,2292
43.0,79.0,1706
43.0,87.0,621
43.0,88.0,451
43.0,90.0,1619
43.0,100.0,5058
43.0,107.0,2357
43.0,113.0,1904
43.0,114.0,1342
43.0,116.0,314
43.0,120.0,17
43.0,125.0,566
43.0,127.0,100
43.0,128.0,15
43.0,137.0,1019
43.0,140.0,3213
43.0,141.0,6507
43.0,142.0,14762
43.0,143.0,3409
43.0,144.0,1271
43.0,148.0,639
43.0,151.0,3041
43.0,152.0,192
43.0,158.0,1522
43.0,161.0,18351
43.0,162.0,7387
43.0,163.0,7571
43.0,164.0,5621
43.0,166.0,1885
43.0,170.0,4447
43.0,186.0,4018
43.0,209.0,188
43.0,211.0,1425
43.0,224.0,365
43.0,229.0,3184
43.0,230.0,9349
43.0,231.0,1862
43.0,232.0,320
43.0,233.0,2156
43.0,234.0,4044
43.0,236.0,13072
43.0,237.0,15303
43.0,238.0,7765
43.0,239.0,10772
43.0,243.0,239
43.0,244.0,484
43.0,246.0,2024
43.0,249.0,2316
43.0,261.0,964
43.0,262.0,3071
43.0,263.0,4064
45.0,4.0,416
45.0,12.0,48
45.0,13.0,663
45.0,24.0,21
45.0,41.0,53
45.0,42.0,60
45.0,43.0,189
45.0,45.0,1150
45.0,48.0,681
45.0,50.0,161
45.0,68.0,593
45.0,74.0,76
45.0,75.0,121
45.0,79.0,1514
45.0,87.0,1166
45.0,88.0,418
45.0,90.0,446
45.0,100.0,565
45.0,107.0,785
45.0,113.0,617
45.0,114.0,561
45.0,116.0,25
45.0,120.0,14
45.0,125.0,303
45.0,127.0,4
45.0,128.0,2
45.0,137.0,361
45.0,140.0,221
45.0,141.0,230
45.0,142.0,225
45.0,143.0,98
45.0,144.0,883
45.0,148.0,944
45.0,151.0,74
45.0,152.0,12
45.0,158.0,408
45.0,161.0,1186
45.0,162.0,555
45.0,163.0,286
45.0,164.0,915
45.0,166.0,62
45.0,170.0,824
45.0,186.0,593
45.0,209.0,426
45.0,211.0,401
45.0,224.0,189
45.0,229.0,258
45.0,230.0,603
45.0,231.0,1561
45.0,232.0,669
45.0,233.0,440
45.0,234.0,768
45.0,236.0,180
45.0,237.0,281
45.0,238.0,140
45.0,239.0,176
45.0,243.0,23
45.0,244.0,36
45.0,246.0,335
45.0,249.0,780
45.0,261.0,889
45.0,262.0,124
45.0,263.0,155
48.0,4.0,1532
48.0,12.0,195
48.0,13.0,4116
48.0,24.0,1532
48.0,41.0,2848
48.0,42.0,2114
48.0,43.0,9417
48.0,45.0,749
48.0,48.0,32062
48.0,50.0,11318
48.0,68.0,28165
48.0,74.0,1935
48.0,75.0,3305
48.0,79.0,8687
48.0,87.0,2796
48.0,88.0,1260
48.0,90.0,9991
48.0,100.0,13281
48.0,107.0,8551
48.0,113.0,4903
48.0,114.0,4160
48.0,116.0,1972
48.0,120.0,136
48.0,125.0,2365
48.0,127.0,872
48.0,128.0,106
48.0,137.0,4657
48.0,140.0,4412
48.0,141.0,7813
48.0,142.0,22231
48.0,143.0,8645
48.0,144.0,3314
48.0,148.0,2983
48.0,151.0,4396
48.0,152.0,1025
48.0,158.0,6321
48.0,161.0,30636
48.0,162.0,13409
48.0,163.0,15733
48.0,164.0,13027
48.0,166.0,3036
48.0,170.0,13002
48.0,186.0,11110
48.0,209.0,616
48.0,211.0,3404
48.0,224.0,1631
48.0,229.0,5957
48.0,230.0,18188
48.0,231.0,7069
48.0,232.0,1228
48.0,233.0,5756
48.0,234.0,12533
48.0,236.0,7810
48.0,237.0,10787
48.0,238.0,9359
48.0,239.0,13769
48.0,243.0,1803
48.0,244.0,2964
48.0,246.0,13085
48.0,249.0,11565
48.0,261.0,2959
48.0,262.0,3375
48.0,263.0,5053
50.0,4.0,347
50.0,12.0,79
50.0,13.0,1335
50.0,24.0,436
50.0,41.0,672
50.0,42.0,456
50.0,43.0,1821
50.0,45.0,216
50.0,48.0,10063
50.0,50.0,5498
50.0,68.0,7292
50.0,74.0,530
50.0,75.0,767
50.0,79.0,1777
50.0,87.0,869
50.0,88.0,376
50.0,90.0,2176
50.0,100.0,4505
50.0,107.0,1910
50.0,113.0,1184
50.0,114.0,1064
50.0,116.0,425
50.0,120.0,31
50.0,125.0,685
50.0,127.0,192
50.0,128.0,33
50.0,137.0,795
50.0,140.0,834
50.0,141.0,1630
50.0,142.0,6272
50.0,143.0,2892
50.0,144.0,752
50.0,148.0,697
50.0,151.0,1252
50.0,152.0,298
50.0,158.0,1798
50.0,161.0,6533
50.0,162.0,2790
50.0,163.0,5227
50.0,164.0,3116
50.0,166.0,1094
50.0,170.0,2630
50.0,186.0,2601
50.0,209.0,179
50.0,211.0,967
50.0,224.0,374
50.0,229.0,1126
50.0,230.0,6054
50.0,231.0,2098
50.0,232.0,275
50.0,233.0,1087
50.0,234.0,3038
50.0,236.0,1725
50.0,237.0,2338
50.0,238.0,2735
50.0,239.0,4330
50.0,243.0,365
50.0,244.0,742
50.0,246.0,4212
50.0,249.0,2540
50.0,261.0,715
50.0,262.0,635
50.0,263.0,1122
68.0,4.0,1806
68.0,12.0,150
68.0,13.0,4055
68.0,24.0,613
68.0,41.0,1135
68.0,42.0,918
68.0,43.0,3631
68.0,45.0,671
68.0,48.0,20961
68.0,50.0,6330
68.0,68.0,22926
68.0,74.0,793
68.0,75.0,1545
68.0,79.0,10158
68.0,87.0,3132
68.0,88.0,944
68.0,90.0,9346
68.0,100.0,7670
68.0,107.0,9699
68.0,113.0,6809
68.0,114.0,5681
68.0,116.0,705
68.0,120.0,45
68.0,125.0,3471
68.0,127.0,331
68.0,128.0,55
68.0,137.0,4185
68.0,140.0,2266
68.0,141.0,4239
68.0,142.0,7236
68.0,143.0,2901
68.0,144.0,4578
68.0,148.0,3660
68.0,151.0,1693
68.0,152.0,391
68.0,158.0,7498
68.0,161.0,15354
68.0,162.0,5867
68.0,163.0,6718
68.0,164.0,9967
68.0,166.0,1267
68.0,170.0,10859
68.0,186.0,4434
68.0,209.0,641
68.0,211.0,4923
68.0,224.0,1812
68.0,229.0,3150
68.0,230.0,11795
68.0,231.0,8251
68.0,232.0,1344
68.0,233.0,3472
68.0,234.0,15150
68.0,236.0,3809
68.0,237.0,5269
68.0,238.0,3341
68.0,239.0,4674
68.0,243.0,600
68.0,244.0,1018
68.0,246.0,11991
68.0,249.0,13986
68.0,261.0,2300
68.0,262.0,1932
68.0,263.0,2635
74.0,4.0,159
74.0,12.0,2
74.0,13.0,45
74.0,24.0,494
74.0,41.0,2526
74.0,42.0,1644
74.0,43.0,886
74.0,45.0,39
74.0,48.0,583
74.0,50.0,195
74.0,68.0,331
74.0,74.0,7576
74.0,75.0,5487
74.0,79.0,368
74.0,87.0,74
74.0,88.0,84
74.0,90.0,198
74.0,100.0,360
74.0,107.0,325
74.0,113.0,103
74.0,114.0,164
74.0,116.0,495
74.0,120.0,65
74.0,125.0,43
74.0,127.0,150
74.0,128.0,18
74.0,137.0,385
74.0,140.0,927
74.0,141.0,1416
74.0,142.0,788
74.0,143.0,194
74.0,144.0,116
74.0,148.0,191
74.0,151.0,903
74.0,152.0,424
74.0,158.0,85
74.0,161.0,712
74.0,162.0,555
74.0,163.0,372
74.0,164.0,349
74.0,166.0,1317
74.0,170.0,369
74.0,186.0,242
74.0,209.0,25
74.0,211.0,80
74.0,224.0,114
74.0,229.0,451
74.0,230.0,394
74.0,231.0,144
74.0,232.0,138
74.0,233.0,258
74.0,234.0,307
74.0,236.0,2489
74.0,237.0,1075
74.0,238.0,1109
74.0,239.0,920
74.0,243.0,197
74.0,244.0,467
74.0,246.0,157
74.0,249.0,178
74.0,261.0,45
74.0,262.0,1141
74.0,263.0,2887
75.0,4.0,343
75.0,12.0,19
75.0,13.0,235
75.0,24.0,891
75.0,41.0,2504
75.0,42.0,1556
75.0,43.0,3298
75.0,45.0,102
75.0,48.0,1980
75.0,50.0,531
75.0,68.0,1307
75.0,74.0,7166
75.0,75.0,9006
75.0,79.0,1087
75.0,87.0,346
75.0,88.0,245
75.0,90.0,524
75.0,100.0,1486
75.0,107.0,1197
75.0,113.0,446
75.0,114.0,374
75.0,116.0,463
75.0,120.0,64
75.0,125.0,221
75.0,127.0,214
75.0,128.0,30
75.0,137.0,1071
75.0,140.0,2518
75.0,141.0,4485
75.0,142.0,3115
75.0,143.0,915
75.0,144.0,277
75.0,148.0,478
75.0,151.0,3402
75.0,152.0,463
75.0,158.0,370
75.0,161.0,3444
75.0,162.0,2716
75.0,163.0,1498
75.0,164.0,1336
75.0,166.0,1760
75.0,170.0,1420
75.0,186.0,1281
75.0,209.0,145
75.0,211.0,219
75.0,224.0,389
75.0,229.0,1588
75.0,230.0,1338
75.0,231.0,515
75.0,232.0,341
75.0,233.0,1049
75.0,234.0,1086
75.0,236.0,10450
75.0,237.0,6127
75.0,238.0,5172
75.0,239.0,3346
75.0,243.0,335
75.0,244.0,632
75.0,246.0,602
75.0,249.0,628
75.0,261.0,120
75.0,262.0,3427
75.0,263.0,6717
79.0,4.0,8276
79.0,12.0,165
79.0,13.0,2932
79.0,24.0,638
79.0,41.0,1179
79.0,42.0,912
79.0,43.0,2009
79.0,45.0,2178
79.0,48.0,8848
79.0,50.0,2343
79.0,68.0,11196
79.0,74.0,1441
79.0,75.0,2517
79.0,79.0,25768
79.0,87.0,6122
79.0,88.0,2116
79.0,90.0,10979
79.0,100.0,6629
79.0,107.0,22766
79.0,113.0,13162
79.0,114.0,12056
79.0,116.0,634
79.0,120.0,76
79.0,125.0,4196
79.0,127.0,264
79.0,128.0,34
79.0,137.0,12409
79.0,140.0,4115
79.0,141.0,7646
79.0,142.0,4658
79.0,143.0,1676
79.0,144.0,10830
79.0,148.0,14655
79.0,151.0,1534
79.0,152.0,378
79.0,158.0,7178
79.0,161.0,10985
79.0,162.0,8281
79.0,163.0,3759
79.0,164.0,12635
79.0,166.0,1268
79.0,170.0,16537
79.0,186.0,10958
79.0,209.0,2166
79.0,211.0,8051
79.0,224.0,4552
79.0,229.0,7542
79.0,230.0,5141
79.0,231.0,11198
79.0,232.0,6383
79.0,233.0,8856
79.0,234.0,18032
79.0,236.0,4274
79.0,237.0,4883
79.0,238.0,2748
79.0,239.0,3678
79.0,243.0,568
79.0,244.0,805
79.0,246.0,5311
79.0,249.0,18878
79.0,261.0,2942
79.0,262.0,3993
79.0,263.0,5037
87.0,4.0,1065
87.0,12.0,195
87.0,13.0,2662
87.0,24.0,71
87.0,41.0,122
87.0,42.0,148
87.0,43.0,625
87.0,45.0,1684
87.0,48.0,2185
87.0,50.0,721
87.0,68.0,2633
87.0,74.0,166
87.0,75.0,374
87.0,79.0,4567
87.0,87.0,2074
87.0,88.0,932
87.0,90.0,1385
87.0,100.0,1768
87.0,107.0,2783
87.0,113.0,1698
87.0,114.0,1982
87.0,116.0,77
87.0,120.0,6
87.0,125.0,1323
87.0,127.0,34
87.0,128.0,6
87.0,137.0,1824
87.0,140.0,1138
87.0,141.0,1336
87.0,142.0,797
87.0,143.0,353
87.0,144.0,3247
87.0,148.0,2870
87.0,151.0,208
87.0,152.0,46
87.0,158.0,2390
87.0,161.0,4525
87.0,162.0,3289
87.0,163.0,1212
87.0,164.0,2694
87.0,166.0,126
87.0,170.0,3356
87.0,186.0,1401
87.0,209.0,648
87.0,211.0,2500
87.0,224.0,815
87.0,229.0,1646
87.0,230.0,1674
87.0,231.0,6241
87.0,232.0,1254
87.0,233.0,2568
87.0,234.0,3026
87.0,236.0,867
87.0,237.0,1417
87.0,238.0,375
87.0,239.0,657
87.0,243.0,99
87.0,244.0,107
87.0,246.0,1782
87.0,249.0,2770
87.0,261.0,1836
87.0,262.0,743
87.0,263.0,755
88.0,4.0,513
88.0,12.0,41
88.0,13.0,1109
88.0,24.0,30
88.0,41.0,48
88.0,42.0,66
88.0,43.0,333
88.0,45.0,703
88.0,48.0,936
88.0,50.0,276
88.0,68.0,1031
88.0,74.0,76
88.0,75.0,192
88.0,79.0,1494
88.0,87.0,1191
88.0,88.0,823
88.0,90.0,363
88.0,100.0,639
88.0,107.0,934
88.0,113.0,461
88.0,114.0,527
88.0,116.0,29
88.0,120.0,4
88.0,125.0,331
88.0,127.0,21
88.0,128.0,4
88.0,137.0,708
88.0,140.0,680
88.0,141.0,591
88.0,142.0,324
88.0,143.0,168
88.0,144.0,940
88.0,148.0,765
88.0,151.0,88
88.0,152.0,12
88.0,158.0,702
88.0,161.0,1601
88.0,162.0,1047
88.0,163.0,370
88.0,164.0,993
88.0,166.0,52
88.0,170.0,1419
88.0,186.0,395
88.0,209.0,524
88.0,211.0,555
88.0,224.0,325
88.0,229.0,689
88.0,230.0,641
88.0,231.0,1821
88.0,232.0,541
88.0,233.0,996
88.0,234.0,865
88.0,236.0,360
88.0,237.0,564
88.0,238.0,182
88.0,239.0,247
88.0,243.0,58
88.0,244.0,42
88.0,246.0,673
88.0,249.0,709
88.0,261.0,1019
88.0,262.0,386
88.0,263.0,322
90.0,4.0,1846
90.0,12.0,90
90.0,13.0,2914
90.0,24.0,402
90.0,41.0,816
90.0,42.0,673
90.0,43.0,2007
90.0,45.0,551
90.0,48.0,13100
90.0,50.0,3298
90.0,68.0,16949
90.0,74.0,581
90.0,75.0,1050
90.0,79.0,10447
90.0,87.0,1991
90.0,88.0,522
90.0,90.0,9467
90.0,100.0,7387
90.0,107.0,11886
90.0,113.0,7598
90.0,114.0,5669
90.0,116.0,556
90.0,120.0,26
90.0,125.0,3345
90.0,127.0,195
90.0,128.0,36
90.0,137.0,4364
90.0,140.0,1650
90.0,141.0,2773
90.0,142.0,4238
90.0,143.0,1643
90.0,144.0,3923
90.0,148.0,3063
90.0,151.0,1102
90.0,152.0,296
90.0,158.0,6810
90.0,161.0,13133
90.0,162.0,4130
90.0,163.0,4359
90.0,164.0,11049
90.0,166.0,674
90.0,170.0,9426
90.0,186.0,5964
90.0,209.0,501
90.0,211.0,4661
90.0,224.0,2021
90.0,229.0,2513
90.0,230.0,6385
90.0,231.0,7707
90.0,232.0,1225
90.0,233.0,2811
90.0,234.0,12936
90.0,236.0,2784
90.0,237.0,4078
90.0,238.0,2189
90.0,239.0,2940
90.0,243.0,486
90.0,244.0,801
90.0,246.0,11283
90.0,249.0,15428
90.0,261.0,1488
90.0,262.0,1305
90.0,263.0,1690
100.0,4.0,935
100.0,12.0,133
100.0,13.0,2138
100.0,24.0,395
100.0,41.0,751
100.0,42.0,758
100.0,43.0,4886
100.0,45.0,545
100.0,48.0,11842
100.0,50.0,4441
100.0,68.0,7456
100.0,74.0,845
100.0,75.0,1654
100.0,79.0,4672
100.0,87.0,1693
100.0,88.0,797
100.0,90.0,5633
100.0,100.0,9751
100.0,107.0,6464
100.0,113.0,3244
100.0,114.0,2466
100.0,116.0,462
100.0,120.0,62
100.0,125.0,1644
100.0,127.0,256
100.0,128.0,37
100.0,137.0,4069
100.0,140.0,2844
100.0,141.0,4447
100.0,142.0,5946
100.0,143.0,2087
100.0,144.0,2436
100.0,148.0,1612
100.0,151.0,1170
100.0,152.0,295
100.0,158.0,2586
100.0,161.0,25631
100.0,162.0,8231
100.0,163.0,8884
100.0,164.0,8840
100.0,166.0,788
100.0,170.0,11192
100.0,186.0,6158
100.0,209.0,420
100.0,211.0,2723
100.0,224.0,1061
100.0,229.0,3500
100.0,230.0,12347
100.0,231.0,4218
100.0,232.0,732
100.0,233.0,5519
100.0,234.0,9444
100.0,236.0,3934
100.0,237.0,6465
100.0,238.0,2266
100.0,239.0,3182
100.0,243.0,504
100.0,244.0,663
100.0,246.0,6775
100.0,249.0,5316
100.0,261.0,2350
100.0,262.0,1843
100.0,263.0,2484
107.0,4.0,5154
107.0,12.0,126
107.0,13.0,3143
107.0,24.0,416
107.0,41.0,738
107.0,42.0,661
107.0,43.0,2509
107.0,45.0,1089
107.0,48.0,7992
107.0,50.0,2252
107.0,68.0,12174
107.0,74.0,1085
107.0,75.0,2125
107.0,79.0,22829
107.0,87.0,3986
107.0,88.0,1776
107.0,90.0,10417
107.0,100.0,8897
107.0,107.0,19243
107.0,113.0,11173
107.0,114.0,9400
107.0,116.0,348
107.0,120.0,27
107.0,125.0,2951
107.0,127.0,194
107.0,128.0,32
107.0,137.0,12796
107.0,140.0,4901
107.0,141.0,9325
107.0,142.0,5092
107.0,143.0,1516
107.0,144.0,6784
107.0,148.0,7996
107.0,151.0,1113
107.0,152.0,223
107.0,158.0,4873
107.0,161.0,19345
107.0,162.0,15159
107.0,163.0,5586
107.0,164.0,15966
107.0,166.0,712
107.0,170.0,26220
107.0,186.0,13372
107.0,209.0,1386
107.0,211.0,5382
107.0,224.0,4544
107.0,229.0,9230
107.0,230.0,5854
107.0,231.0,8291
107.0,232.0,3314
107.0,233.0,11654
107.0,234.0,16850
107.0,236.0,6032
107.0,237.0,8354
107.0,238.0,2391
107.0,239.0,3362
107.0,243.0,428
107.0,244.0,499
107.0,246.0,5362
107.0,249.0,13253
107.0,261.0,1679
107.0,262.0,4031
107.0,263.0,5186
113.0,4.0,4328
113.0,12.0,121
113.0,13.0,3085
113.0,24.0,333
113.0,41.0,459
113.0,42.0,356
113.0,43.0,1734
113.0,45.0,846
113.0,48.0,5175
113.0,50.0,1640
113.0,68.0,8235
113.0,74.0,475
113.0,75.0,791
113.0,79.0,15256
113.0,87.0,2850
113.0,88.0,784
113.0,90.0,8936
113.0,100.0,4772
113.0,107.0,11162
113.0,113.0,9185
113.0,114.0,7946
113.0,116.0,219
113.0,120.0,18
113.0,125.0,3545
113.0,127.0,126
113.0,128.0,13
113.0,137.0,4722
113.0,140.0,1941
113.0,141.0,2885
113.0,142.0,3348
113.0,143.0,1082
113.0,144.0,6649
113.0,148.0,5131
113.0,151.0,805
113.0,152.0,149
113.0,158.0,6964
113.0,161.0,12027
113.0,162.0,4924
113.0,163.0,3269
113.0,164.0,9150
113.0,166.0,632
113.0,170.0,9496
113.0,186.0,6656
113.0,209.0,792
113.0,211.0,7193
113.0,224.0,2318
113.0,229.0,2623
113.0,230.0,4477
113.0,231.0,9724
113.0,232.0,2210
113.0,233.0,3189
113.0,234.0,12768
113.0,236.0,3149
113.0,237.0,4520
113.0,238.0,1635
113.0,239.0,2231
113.0,243.0,249
113.0,244.0,455
113.0,246.0,5075
113.0,249.0,12312
113.0,261.0,1988
113.0,262.0,1460
113.0,263.0,1627
114.0,4.0,2946
114.0,12.0,95
114.0,13.0,2437
114.0,24.0,260
114.0,41.0,489
114.0,42.0,368
114.0,43.0,1181
114.0,45.0,752
114.0,48.0,4413
114.0,50.0,1314
114.0,68.0,5603
114.0,74.0,464
114.0,75.0,866
114.0,79.0,13305
114.0,87.0,2667
114.0,88.0,701
114.0,90.0,6242
114.0,100.0,3367
114.0,107.0,9466
114.0,113.0,6959
114.0,114.0,5129
114.0,116.0,330
114.0,120.0,30
114.0,125.0,1914
114.0,127.0,113
114.0,128.0,17
114.0,137.0,3476
114.0,140.0,1503
114.0,141.0,2642
114.0,142.0,2515
114.0,143.0,908
114.0,144.0,4114
114.0,148.0,4861
114.0,151.0,693
114.0,152.0,162
114.0,158.0,5385
114.0,161.0,8271
114.0,162.0,3928
114.0,163.0,2463
114.0,164.0,6908
114.0,166.0,520
114.0,170.0,7265
114.0,186.0,5025
114.0,209.0,800
114.0,211.0,3057
114.0,224.0,1653
114.0,229.0,2180
114.0,230.0,3492
114.0,231.0,7230
114.0,232.0,1930
114.0,233.0,2511
114.0,234.0,9913
114.0,236.0,2291
114.0,237.0,3010
114.0,238.0,1349
114.0,239.0,1858
114.0,243.0,228
114.0,244.0,404
114.0,246.0,3536
114.0,249.0,8645
114.0,261.0,1970
114.0,262.0,1334
114.0,263.0,1731
116.0,4.0,29
116.0,12.0,10
116.0,13.0,29
116.0,24.0,192
116.0,41.0,646
116.0,42.0,558
116.0,43.0,179
116.0,45.0,16
116.0,48.0,485
116.0,50.0,257
116.0,68.0,297
116.0,74.0,523
116.0,75.0,246
116.0,79.0,79
116.0,87.0,36
116.0,88.0,20
116.0,90.0,107
116.0,100.0,113
116.0,107.0,74
116.0,113.0,72
116.0,114.0,50
116.0,116.0,884
116.0,120.0,26
116.0,125.0,30
116.0,127.0,72
116.0,128.0,11
116.0,137.0,45
116.0,140.0,88
116.0,141.0,99
116.0,142.0,408
116.0,143.0,139
116.0,144.0,24
116.0,148.0,32
116.0,151.0,405
116.0,152.0,641
116.0,158.0,70
116.0,161.0,216
116.0,162.0,95
116.0,163.0,135
116.0,164.0,123
116.0,166.0,1058
116.0,170.0,74
116.0,186.0,97
116.0,209.0,4
116.0,211.0,45
116.0,224.0,23
116.0,229.0,60
116.0,230.0,191
116.0,231.0,89
116.0,232.0,15
116.0,233.0,36
116.0,234.0,148
116.0,236.0,194
116.0,237.0,159
116.0,238.0,551
116.0,239.0,496
116.0,243.0,126
116.0,244.0,455
116.0,246.0,203
116.0,249.0,108
116.0,261.0,30
116.0,262.0,54
116.0,263.0,105
120.0,41.0,4
120.0,42.0,26
120.0,43.0,4
120.0,48.0,5
120.0,50.0,2
120.0,68.0,1
120.0,74.0,13
120.0,75.0,3
120.0,87.0,1
120.0,107.0,1
120.0,116.0,15
120.0,120.0,188
120.0,127.0,11
120.0,137.0,2
120.0,140.0,2
120.0,141.0,2
120.0,142.0,3
120.0,143.0,4
120.0,151.0,3
120.0,152.0,6
120.0,161.0,7
120.0,162.0,3
120.0,163.0,1
120.0,164.0,2
120.0,166.0,3
120.0,170.0,1
120.0,209.0,2
120.0,229.0,2
120.0,231.0,1
120.0,232.0,2
120.0,234.0,3
120.0,236.0,3
120.0,237.0,1
120.0,238.0,3
120.0,239.0,6
120.0,243.0,23
120.0,244.0,43
120.0,246.0,1
120.0,249.0,1
120.0,262.0,1
120.0,263.0,2
125.0,4.0,747
125.0,12.0,53
125.0,13.0,2089
125.0,24.0,115
125.0,41.0,260
125.0,42.0,195
125.0,43.0,646
125.0,45.0,450
125.0,48.0,2664
125.0,50.0,884
125.0,68.0,4391
125.0,74.0,165
125.0,75.0,304
125.0,79.0,4468
125.0,87.0,1482
125.0,88.0,405
125.0,90.0,3633
125.0,100.0,1739
125.0,107.0,2835
125.0,113.0,3828
125.0,114.0,2177
125.0,116.0,183
125.0,120.0,7
125.0,125.0,2738
125.0,127.0,77
125.0,128.0,15
125.0,137.0,931
125.0,140.0,535
125.0,141.0,901
125.0,142.0,1189
125.0,143.0,489
125.0,144.0,2642
125.0,148.0,2030
125.0,151.0,371
125.0,152.0,71
125.0,158.0,3888
125.0,161.0,4248
125.0,162.0,1307
125.0,163.0,1403
125.0,164.0,3021
125.0,166.0,241
125.0,170.0,2589
125.0,186.0,1807
125.0,209.0,377
125.0,211.0,1830
125.0,224.0,440
125.0,229.0,774
125.0,230.0,1879
125.0,231.0,5453
125.0,232.0,788
125.0,233.0,921
125.0,234.0,5258
125.0,236.0,893
125.0,237.0,1253
125.0,238.0,711
125.0,239.0,946
125.0,243.0,108
125.0,244.0,230
125.0,246.0,2560
125.0,249.0,5864
125.0,261.0,1228
125.0,262.0,443
125.0,263.0,625
127.0,4.0,2
127.0,13.0,2
127.0,24.0,7
127.0,41.0,11
127.0,42.0,21
127.0,43.0,5
127.0,45.0,1
127.0,48.0,19
127.0,50.0,12
127.0,68.0,9
127.0,74.0,19
127.0,75.0,7
127.0,79.0,10
127.0,87.0,2
127.0,90.0,3
127.0,100.0,3
127.0,107.0,3
127.0,113.0,3
127.0,114.0,1
127.0,116.0,25
127.0,120.0,13
127.0,125.0,2
127.0,127.0,304
127.0,128.0,19
127.0,137.0,2
127.0,140.0,5
127.0,141.0,3
127.0,142.0,12
127.0,143.0,6
127.0,144.0,1
127.0,148.0,4
127.0,151.0,8
127.0,152.0,14
127.0,158.0,4
127.0,161.0,7
127.0,162.0,3
127.0,163.0,3
127.0,164.0,2
127.0,166.0,24
127.0,186.0,4
127.0,211.0,1
127.0,224.0,2
127.0,229.0,2
127.0,230.0,5
127.0,231.0,6
127.0,232.0,1
127.0,233.0,2
127.0,234.0,6
127.0,236.0,9
127.0,237.0,12
127.0,238.0,12
127.0,239.0,16
127.0,243.0,148
127.0,244.0,84
127.0,246.0,12
127.0,249.0,4
127.0,261.0,1
127.0,262.0,9
127.0,263.0,5
128.0,41.0,2
128.0,42.0,2
128.0,43.0,2
128.0,48.0,2
128.0,68.0,2
128.0,74.0,2
128.0,75.0,2
128.0,87.0,1
128.0,114.0,1
128.0,116.0,3
128.0,127.0,18
128.0,128.0,16
128.0,142.0,1
128.0,151.0,2
128.0,152.0,1
128.0,163.0,1
128.0,166.0,2
128.0,170.0,1
128.0,231.0,1
128.0,236.0,3
128.0,237.0,4
128.0,238.0,11
128.0,239.0,2
128.0,243.0,9
128.0,244.0,7
128.0,249.0,1
128.0,263.0,1
137.0,4.0,2091
137.0,12.0,69
137.0,13.0,1278
137.0,24.0,173
137.0,41.0,368
137.0,42.0,364
137.0,43.0,994
137.0,45.0,518
137.0,48.0,3585
137.0,50.0,939
137.0,68.0,4108
137.0,74.0,692
137.0,75.0,1327
137.0,79.0,12366
137.0,87.0,2203
137.0,88.0,1267
137.0,90.0,3199
137.0,100.0,5743
137.0,107.0,10413
137.0,113.0,4495
137.0,114.0,3234
137.0,116.0,164
137.0,120.0,51
137.0,125.0,831
137.0,127.0,93
137.0,128.0,12
137.0,137.0,5533
137.0,140.0,3260
137.0,141.0,5726
137.0,142.0,2255
137.0,143.0,686
137.0,144.0,2045
137.0,148.0,3375
137.0,151.0,532
137.0,152.0,102
137.0,158.0,1418
137.0,161.0,8016
137.0,162.0,7476
137.0,163.0,2372
137.0,164.0,8334
137.0,166.0,371
137.0,170.0,10670
137.0,186.0,5669
137.0,209.0,739
137.0,211.0,1449
137.0,224.0,2956
137.0,229.0,6962
137.0,230.0,2592
137.0,231.0,2836
137.0,232.0,1615
137.0,233.0,7208
137.0,234.0,8146
137.0,236.0,2719
137.0,237.0,3789
137.0,238.0,1244
137.0,239.0,1474
137.0,243.0,191
137.0,244.0,303
137.0,246.0,1691
137.0,249.0,4175
137.0,261.0,795
137.0,262.0,2234
137.0,263.0,2743
140.0,4.0,691
140.0,12.0,59
140.0,13.0,1095
140.0,24.0,397
140.0,41.0,689
140.0,42.0,541
140.0,43.0,3966
140.0,45.0,340
140.0,48.0,3164
140.0,50.0,673
140.0,68.0,1790
140.0,74.0,1965
140.0,75.0,2983
140.0,79.0,2922
140.0,87.0,1432
140.0,88.0,1192
140.0,90.0,1301
140.0,100.0,4546
140.0,107.0,3852
140.0,113.0,1651
140.0,114.0,1160
140.0,116.0,193
140.0,120.0,34
140.0,125.0,513
140.0,127.0,186
140.0,128.0,22
140.0,137.0,3678
140.0,140.0,9227
140.0,141.0,9167
140.0,142.0,5525
140.0,143.0,1526
140.0,144.0,940
140.0,148.0,1102
140.0,151.0,1139
140.0,152.0,163
140.0,158.0,642
140.0,161.0,9472
140.0,162.0,11256
140.0,163.0,4240
140.0,164.0,4072
140.0,166.0,807
140.0,170.0,5507
140.0,186.0,3324
140.0,209.0,489
140.0,211.0,772
140.0,224.0,1282
140.0,229.0,8950
140.0,230.0,3143
140.0,231.0,1768
140.0,232.0,746
140.0,233.0,5934
140.0,234.0,3855
140.0,236.0,13627
140.0,237.0,16529
140.0,238.0,3005
140.0,239.0,4570
140.0,243.0,263
140.0,244.0,828
140.0,246.0,868
140.0,249.0,1574
140.0,261.0,527
140.0,262.0,8023
140.0,263.0,8131
141.0,4.0,1115
141.0,12.0,79
141.0,13.0,1367
141.0,24.0,667
141.0,41.0,1176
141.0,42.0,929
141.0,43.0,7913
141.0,45.0,378
141.0,48.0,6367
141.0,50.0,1513
141.0,68.0,3760
141.0,74.0,3706
141.0,75.0,6472
141.0,79.0,6722
141.0,87.0,2027
141.0,88.0,1164
141.0,90.0,2524
141.0,100.0,7194
141.0,107.0,7771
141.0,113.0,2732
141.0,114.0,2097
141.0,116.0,363
141.0,120.0,56
141.0,125.0,787
141.0,127.0,213
141.0,128.0,45
141.0,137.0,7339
141.0,140.0,11824
141.0,141.0,23456
141.0,142.0,11500
141.0,143.0,2649
141.0,144.0,1644
141.0,148.0,2064
141.0,151.0,2211
141.0,152.0,251
141.0,158.0,1468
141.0,161.0,19190
141.0,162.0,18960
141.0,163.0,8002
141.0,164.0,7087
141.0,166.0,1443
141.0,170.0,10396
141.0,186.0,5542
141.0,209.0,620
141.0,211.0,1293
141.0,224.0,1691
141.0,229.0,15508
141.0,230.0,6364
141.0,231.0,2855
141.0,232.0,1038
141.0,233.0,11070
141.0,234.0,6505
141.0,236.0,27987
141.0,237.0,26118
141.0,238.0,5558
141.0,239.0,8215
141.0,243.0,462
141.0,244.0,763
141.0,246.0,1848
141.0,249.0,3226
141.0,261.0,654
141.0,262.0,14050
141.0,263.0,18338
142.0,4.0,746
142.0,12.0,76
142.0,13.0,2256
142.0,24.0,3035
142.0,41.0,3369
142.0,42.0,1613
142.0,43.0,16787
142.0,45.0,289
142.0,48.0,23428
142.0,50.0,5537
142.0,68.0,9522
142.0,74.0,1965
142.0,75.0,3927
142.0,79.0,3951
142.0,87.0,1194
142.0,88.0,485
142.0,90.0,3354
142.0,100.0,7581
142.0,107.0,5049
142.0,113.0,3130
142.0,114.0,2119
142.0,116.0,1338
142.0,120.0,88
142.0,125.0,947
142.0,127.0,587
142.0,128.0,119
142.0,137.0,2686
142.0,140.0,6967
142.0,141.0,13939
142.0,142.0,24816
142.0,143.0,13356
142.0,144.0,1607
142.0,148.0,1203
142.0,151.0,9673
142.0,152.0,956
142.0,158.0,2690
142.0,161.0,24875
142.0,162.0,14530
142.0,163.0,17399
142.0,164.0,6689
142.0,166.0,7266
142.0,170.0,8120
142.0,186.0,4934
142.0,209.0,219
142.0,211.0,1889
142.0,224.0,825
142.0,229.0,6789
142.0,230.0,19959
142.0,231.0,3781
142.0,232.0,646
142.0,233.0,4062
142.0,234.0,6419
142.0,236.0,20899
142.0,237.0,27009
142.0,238.0,26005
142.0,239.0,35403
142.0,243.0,1382
142.0,244.0,2380
142.0,246.0,5188
142.0,249.0,4580
142.0,261.0,976
142.0,262.0,5475
142.0,263.0,7286
143.0,4.0,202
143.0,12.0,32
143.0,13.0,879
143.0,24.0,837
143.0,41.0,847
143.0,42.0,439
143.0,43.0,4174
143.0,45.0,102
143.0,48.0,9205
143.0,50.0,3318
143.0,68.0,4001
143.0,74.0,532
143.0,75.0,1199
143.0,79.0,1254
143.0,87.0,516
143.0,88.0,140
143.0,90.0,1247
143.0,100.0,2357
143.0,107.0,1403
143.0,113.0,869
143.0,114.0,747
143.0,116.0,418
143.0,120.0,21
143.0,125.0,327
143.0,127.0,176
143.0,128.0,49
143.0,137.0,704
143.0,140.0,1804
143.0,141.0,3063
143.0,142.0,11265
143.0,143.0,6881
143.0,144.0,561
143.0,148.0,453
143.0,151.0,3037
143.0,152.0,346
143.0,158.0,1050
143.0,161.0,6418
143.0,162.0,3660
143.0,163.0,6462
143.0,164.0,1840
143.0,166.0,2256
143.0,170.0,1918
143.0,186.0,1349
143.0,209.0,84
143.0,211.0,554
143.0,224.0,175
143.0,229.0,1492
143.0,230.0,5242
143.0,231.0,1577
143.0,232.0,191
143.0,233.0,801
143.0,234.0,2134
143.0,236.0,4572
143.0,237.0,5612
143.0,238.0,9234
143.0,239.0,12613
143.0,243.0,502
143.0,244.0,1169
143.0,246.0,3029
143.0,249.0,1582
143.0,261.0,261
143.0,262.0,1067
143.0,263.0,1638
144.0,4.0,2981
144.0,12.0,159
144.0,13.0,2365
144.0,24.0,216
144.0,41.0,365
144.0,42.0,270
144.0,43.0,1416
144.0,45.0,1094
144.0,48.0,4249
144.0,50.0,1081
144.0,68.0,5167
144.0,74.0,359
144.0,75.0,679
144.0,79.0,13745
144.0,87.0,3857
144.0,88.0,908
144.0,90.0,4655
144.0,100.0,3478
144.0,107.0,7908
144.0,113.0,6418
144.0,114.0,4597
144.0,116.0,199
144.0,120.0,13
144.0,125.0,2667
144.0,127.0,78
144.0,128.0,7
144.0,137.0,2491
144.0,140.0,1243
144.0,141.0,2207
144.0,142.0,2133
144.0,143.0,826
144.0,144.0,4470
144.0,148.0,5581
144.0,151.0,491
144.0,152.0,96
144.0,158.0,5597
144.0,161.0,9142
144.0,162.0,3797
144.0,163.0,2471
144.0,164.0,6451
144.0,166.0,370
144.0,170.0,6317
144.0,186.0,4322
144.0,209.0,1291
144.0,211.0,2853
144.0,224.0,1324
144.0,229.0,1971
144.0,230.0,4040
144.0,231.0,8542
144.0,232.0,2937
144.0,233.0,2337
144.0,234.0,7249
144.0,236.0,1764
144.0,237.0,2850
144.0,238.0,986
144.0,239.0,1504
144.0,243.0,146
144.0,244.0,191
144.0,246.0,3186
144.0,249.0,9406
144.0,261.0,3055
144.0,262.0,1017
144.0,263.0,1244
148.0,4.0,4119
148.0,12.0,96
148.0,13.0,1495
148.0,24.0,296
148.0,41.0,528
148.0,42.0,468
148.0,43.0,754
148.0,45.0,1329
148.0,48.0,3342
148.0,50.0,978
148.0,68.0,3996
148.0,74.0,591
148.0,75.0,1040
148.0,79.0,14600
148.0,87.0,3518
148.0,88.0,983
148.0,90.0,3570
148.0,100.0,2097
148.0,107.0,8286
148.0,113.0,4785
148.0,114.0,5039
148.0,116.0,285
148.0,120.0,26
148.0,125.0,2047
148.0,127.0,96
148.0,128.0,14
148.0,137.0,4193
148.0,140.0,1557
148.0,141.0,2718
148.0,142.0,1673
148.0,143.0,667
148.0,144.0,4646
148.0,148.0,5702
148.0,151.0,680
148.0,152.0,144
148.0,158.0,3748
148.0,161.0,3352
148.0,162.0,2647
148.0,163.0,1347
148.0,164.0,3945
148.0,166.0,504
148.0,170.0,5150
148.0,186.0,3205
148.0,209.0,1252
148.0,211.0,3622
148.0,224.0,2098
148.0,229.0,2473
148.0,230.0,1847
148.0,231.0,6061
148.0,232.0,3547
148.0,233.0,3046
148.0,234.0,5673
148.0,236.0,1542
148.0,237.0,1564
148.0,238.0,1057
148.0,239.0,1406
148.0,243.0,214
148.0,244.0,402
148.0,246.0,2038
148.0,249.0,6868
148.0,261.0,1847
148.0,262.0,1505
148.0,263.0,1810
151.0,4.0,166
151.0,12.0,12
151.0,13.0,322
151.0,24.0,1980
151.0,41.0,3324
151.0,42.0,1500
151.0,43.0,3969
151.0,45.0,59
151.0,48.0,3154
151.0,50.0,955
151.0,68.0,1725
151.0,74.0,2599
151.0,75.0,2840
151.0,79.0,659
151.0,87.0,173
151.0,88.0,91
151.0,90.0,576
151.0,100.0,846
151.0,107.0,786
151.0,113.0,435
151.0,114.0,310
151.0,116.0,1321
151.0,120.0,58
151.0,125.0,168
151.0,127.0,303
151.0,128.0,45
151.0,137.0,495
151.0,140.0,1180
151.0,141.0,1672
151.0,142.0,8067
151.0,143.0,2882
151.0,144.0,235
151.0,148.0,247
151.0,151.0,4763
151.0,152.0,1126
151.0,158.0,411
151.0,161.0,2389
151.0,162.0,1434
151.0,163.0,1979
151.0,164.0,749
151.0,166.0,6741
151.0,170.0,866
151.0,186.0,588
151.0,209.0,28
151.0,211.0,227
151.0,224.0,152
151.0,229.0,735
151.0,230.0,1998
151.0,231.0,588
151.0,232.0,142
151.0,233.0,511
151.0,234.0,960
151.0,236.0,4774
151.0,237.0,3170
151.0,238.0,11134
151.0,239.0,13001
151.0,243.0,546
151.0,244.0,1571
151.0,246.0,901
151.0,249.0,646
151.0,261.0,90
151.0,262.0,1097
151.0,263.0,1957
152.0,4.0,19
152.0,12.0,1
152.0,13.0,31
152.0,24.0,205
152.0,41.0,872
152.0,42.0,528
152.0,43.0,138
152.0,45.0,5
152.0,48.0,330
152.0,50.0,113
152.0,68.0,226
152.0,74.0,526
152.0,75.0,267
152.0,79.0,86
152.0,87.0,23
152.0,88.0,4
152.0,90.0,60
152.0,100.0,93
152.0,107.0,81
152.0,113.0,54
152.0,114.0,36
152.0,116.0,508
152.0,120.0,18
152.0,125.0,11
152.0,127.0,65
152.0,128.0,11
152.0,137.0,52
152.0,140.0,83
152.0,141.0,92
152.0,142.0,268
152.0,143.0,129
152.0,144.0,20
152.0,148.0,20
152.0,151.0,439
152.0,152.0,2499
152.0,158.0,45
152.0,161.0,95
152.0,162.0,77
152.0,163.0,125
152.0,164.0,52
152.0,166.0,1256
152.0,170.0,52
152.0,186.0,69
152.0,209.0,4
152.0,211.0,22
152.0,224.0,13
152.0,229.0,48
152.0,230.0,135
152.0,231.0,66
152.0,232.0,18
152.0,233.0,27
152.0,234.0,78
152.0,236.0,183
152.0,237.0,108
152.0,238.0,487
152.0,239.0,393
152.0,243.0,155
152.0,244.0,392
152.0,246.0,184
152.0,249.0,67
152.0,261.0,19
152.0,262.0,71
152.0,263.0,119
158.0,4.0,1202
158.0,12.0,105
158.0,13.0,4297
158.0,24.0,262
158.0,41.0,426
158.0,42.0,324
158.0,43.0,1667
158.0,45.0,529
158.0,48.0,7589
158.0,50.0,2137
158.0,68.0,9683
158.0,74.0,250
158.0,75.0,613
158.0,79.0,7375
158.0,87.0,2822
158.0,88.0,897
158.0,90.0,6742
158.0,100.0,3267
158.0,107.0,5561
158.0,113.0,5638
158.0,114.0,4928
158.0,116.0,267
158.0,120.0,11
158.0,125.0,3553
158.0,127.0,98
158.0,128.0,13
158.0,137.0,1810
158.0,140.0,980
158.0,141.0,2168
158.0,142.0,3203
158.0,143.0,1226
158.0,144.0,4697
158.0,148.0,3237
158.0,151.0,717
158.0,152.0,149
158.0,158.0,7112
158.0,161.0,7516
158.0,162.0,3081
158.0,163.0,3119
158.0,164.0,5355
158.0,166.0,648
158.0,170.0,5039
158.0,186.0,2584
158.0,209.0,526
158.0,211.0,5166
158.0,224.0,924
158.0,229.0,1749
158.0,230.0,4917
158.0,231.0,9452
158.0,232.0,885
158.0,233.0,1816
158.0,234.0,8612
158.0,236.0,1961
158.0,237.0,2890
158.0,238.0,1609
158.0,239.0,2333
158.0,243.0,234
158.0,244.0,326
158.0,246.0,5769
158.0,249.0,7932
158.0,261.0,2043
158.0,262.0,846
158.0,263.0,1295
161.0,4.0,1306
161.0,12.0,359
161.0,13.0,4427
161.0,24.0,928
161.0,41.0,1694
161.0,42.0,1053
161.0,43.0,15406
161.0,45.0,1048
161.0,48.0,16888
161.0,50.0,6111
161.0,68.0,11368
161.0,74.0,1620
161.0,75.0,4032
161.0,79.0,8619
161.0,87.0,3839
161.0,88.0,2281
161.0,90.0,6328
161.0,100.0,20931
161.0,107.0,13041
161.0,113.0,7358
161.0,114.0,5525
161.0,116.0,548
161.0,120.0,45
161.0,125.0,2256
161.0,127.0,241
161.0,128.0,41
161.0,137.0,6194
161.0,140.0,8090
161.0,141.0,15998
161.0,142.0,21337
161.0,143.0,5509
161.0,144.0,5769
161.0,148.0,2711
161.0,151.0,2812
161.0,152.0,322
161.0,158.0,4686
161.0,161.0,38551
161.0,162.0,17378
161.0,163.0,18535
161.0,164.0,26087
161.0,166.0,1826
161.0,170.0,19242
161.0,186.0,19976
161.0,209.0,1039
161.0,211.0,5867
161.0,224.0,1813
161.0,229.0,10899
161.0,230.0,18075
161.0,231.0,8302
161.0,232.0,1160
161.0,233.0,8914
161.0,234.0,20174
161.0,236.0,23036
161.0,237.0,34734
161.0,238.0,6904
161.0,239.0,11811
161.0,243.0,637
161.0,244.0,811
161.0,246.0,6992
161.0,249.0,8419
161.0,261.0,5138
161.0,262.0,6343
161.0,263.0,8644
162.0,4.0,1264
162.0,12.0,251
162.0,13.0,2874
162.0,24.0,492
162.0,41.0,1017
162.0,42.0,644
162.0,43.0,6150
162.0,45.0,704
162.0,48.0,10109
162.0,50.0,2924
162.0,68.0,6806
162.0,74.0,1274
162.0,75.0,3088
162.0,79.0,8080
162.0,87.0,3642
162.0,88.0,2009
162.0,90.0,4491
162.0,100.0,12855
162.0,107.0,15146
162.0,113.0,5068
162.0,114.0,3629
162.0,116.0,349
162.0,120.0,69
162.0,125.0,1503
162.0,127.0,188
162.0,128.0,37
162.0,137.0,8121
162.0,140.0,8701
162.0,141.0,16383
162.0,142.0,10203
162.0,143.0,2801
162.0,144.0,3221
162.0,148.0,2373
162.0,151.0,1611
162.0,152.0,196
162.0,158.0,2894
162.0,161.0,20478
162.0,162.0,18298
162.0,163.0,9826
162.0,164.0,15137
162.0,166.0,1075
162.0,170.0,18577
162.0,186.0,11418
162.0,209.0,904
162.0,211.0,2837
162.0,224.0,2107
162.0,229.0,9540
162.0,230.0,10900
162.0,231.0,5423
162.0,232.0,1122
162.0,233.0,7408
162.0,234.0,12876
162.0,236.0,14435
162.0,237.0,19010
162.0,238.0,3718
162.0,239.0,6047
162.0,243.0,371
162.0,244.0,562
162.0,246.0,3821
162.0,249.0,5739
162.0,261.0,2547
162.0,262.0,6012
162.0,263.0,8636
163.0,4.0,582
163.0,12.0,106
163.0,13.0,2144
163.0,24.0,777
163.0,41.0,1222
163.0,42.0,787
163.0,43.0,6398
163.0,45.0,400
163.0,48.0,12089
163.0,50.0,4942
163.0,68.0,6843
163.0,74.0,923
163.0,75.0,2176
163.0,79.0,3823
163.0,87.0,1575
163.0,88.0,691
163.0,90.0,3459
163.0,100.0,11252
163.0,107.0,5310
163.0,113.0,3118
163.0,114.0,2411
163.0,116.0,471
163.0,120.0,35
163.0,125.0,1152
163.0,127.0,277
163.0,128.0,52
163.0,137.0,2329
163.0,140.0,4463
163.0,141.0,8632
163.0,142.0,14987
163.0,143.0,5828
163.0,144.0,2304
163.0,148.0,1316
163.0,151.0,2231
163.0,152.0,280
163.0,158.0,2851
163.0,161.0,19962
163.0,162.0,12242
163.0,163.0,8995
163.0,164.0,11055
163.0,166.0,1466
163.0,170.0,9555
163.0,186.0,8531
163.0,209.0,454
163.0,211.0,2718
163.0,224.0,725
163.0,229.0,6521
163.0,230.0,13279
163.0,231.0,3677
163.0,232.0,515
163.0,233.0,4230
163.0,234.0,7663
163.0,236.0,12663
163.0,237.0,14926
163.0,238.0,5792
163.0,239.0,9480
163.0,243.0,563
163.0,244.0,822
163.0,246.0,4509
163.0,249.0,4893
163.0,261.0,1825
163.0,262.0,3383
163.0,263.0,4602
164.0,4.0,1791
164.0,12.0,229
164.0,13.0,2815
164.0,24.0,563
164.0,41.0,1066
164.0,42.0,796
164.0,43.0,5931
164.0,45.0,884
164.0,48.0,13551
164.0,50.0,3806
164.0,68.0,11426
164.0,74.0,1094
164.0,75.0,2258
164.0,79.0,10526
164.0,87.0,3062
164.0,88.0,1444
164.0,90.0,6929
164.0,100.0,11719
164.0,107.0,13054
164.0,113.0,7807
164.0,114.0,5452
164.0,116.0,455
164.0,120.0,41
164.0,125.0,2294
164.0,127.0,191
164.0,128.0,35
164.0,137.0,8726
164.0,140.0,3885
164.0,141.0,7117
164.0,142.0,7257
164.0,143.0,2346
164.0,144.0,4631
164.0,148.0,3414
164.0,151.0,1553
164.0,152.0,265
164.0,158.0,4246
164.0,161.0,39615
164.0,162.0,12931
164.0,163.0,11284
164.0,164.0,14616
164.0,166.0,1234
164.0,170.0,18410
164.0,186.0,7067
164.0,209.0,876
164.0,211.0,4614
164.0,224.0,2320
164.0,229.0,6434
164.0,230.0,13925
164.0,231.0,6396
164.0,232.0,1480
164.0,233.0,8311
164.0,234.0,16392
164.0,236.0,6592
164.0,237.0,10683
164.0,238.0,2780
164.0,239.0,4331
164.0,243.0,499
164.0,244.0,654
164.0,246.0,7298
164.0,249.0,8814
164.0,261.0,3545
164.0,262.0,3065
164.0,263.0,4440
166.0,4.0,150
166.0,12.0,19
166.0,13.0,255
166.0,24.0,2011
166.0,41.0,4372
166.0,42.0,1827
166.0,43.0,3482
166.0,45.0,55
166.0,48.0,2539
166.0,50.0,893
166.0,68.0,1721
166.0,74.0,3490
166.0,75.0,2099
166.0,79.0,789
166.0,87.0,142
166.0,88.0,52
166.0,90.0,428
166.0,100.0,840
166.0,107.0,621
166.0,113.0,493
166.0,114.0,393
166.0,116.0,2056
166.0,120.0,63
166.0,125.0,146
166.0,127.0,350
166.0,128.0,105
166.0,137.0,407
166.0,140.0,941
166.0,141.0,1343
166.0,142.0,6109
166.0,143.0,2341
166.0,144.0,216
166.0,148.0,268
166.0,151.0,6389
166.0,152.0,2069
166.0,158.0,481
166.0,161.0,1743
166.0,162.0,1192
166.0,163.0,1557
166.0,164.0,746
166.0,166.0,8502
166.0,170.0,722
166.0,186.0,652
166.0,209.0,37
166.0,211.0,274
166.0,224.0,166
166.0,229.0,736
166.0,230.0,1389
166.0,231.0,441
166.0,232.0,147
166.0,233.0,504
166.0,234.0,788
166.0,236.0,4085
166.0,237.0,2751
166.0,238.0,10136
166.0,239.0,8041
166.0,243.0,953
166.0,244.0,2701
166.0,246.0,859
166.0,249.0,657
166.0,261.0,148
166.0,262.0,868
166.0,263.0,1398
170.0,4.0,2145
170.0,12.0,224
170.0,13.0,3058
170.0,24.0,351
170.0,41.0,717
170.0,42.0,629
170.0,43.0,4598
170.0,45.0,827
170.0,48.0,10305
170.0,50.0,2728
170.0,68.0,9770
170.0,74.0,953
170.0,75.0,2042
170.0,79.0,13239
170.0,87.0,3792
170.0,88.0,2243
170.0,90.0,7234
170.0,100.0,14892
170.0,107.0,20597
170.0,113.0,7934
170.0,114.0,5480
170.0,116.0,270
170.0,120.0,49
170.0,125.0,2311
170.0,127.0,187
170.0,128.0,31
170.0,137.0,9048
170.0,140.0,5958
170.0,141.0,11144
170.0,142.0,7051
170.0,143.0,1968
170.0,144.0,4211
170.0,148.0,3914
170.0,151.0,1146
170.0,152.0,190
170.0,158.0,3616
170.0,161.0,28610
170.0,162.0,15913
170.0,163.0,9653
170.0,164.0,14722
170.0,166.0,804
170.0,170.0,18187
170.0,186.0,12542
170.0,209.0,1095
170.0,211.0,3773
170.0,224.0,3117
170.0,229.0,11285
170.0,230.0,9322
170.0,231.0,6657
170.0,232.0,1717
170.0,233.0,9028
170.0,234.0,20594
170.0,236.0,8164
170.0,237.0,13214
170.0,238.0,2772
170.0,239.0,4324
170.0,243.0,413
170.0,244.0,501
170.0,246.0,5465
170.0,249.0,8450
170.0,261.0,2568
170.0,262.0,4369
170.0,263.0,5846
186.0,4.0,1692
186.0,12.0,155
186.0,13.0,3210
186.0,24.0,463
186.0,41.0,886
186.0,42.0,800
186.0,43.0,4723
186.0,45.0,740
186.0,48.0,13646
186.0,50.0,4924
186.0,68.0,7183
186.0,74.0,756
186.0,75.0,1893
186.0,79.0,9894
186.0,87.0,2875
186.0,88.0,1044
186.0,90.0,7167
186.0,100.0,6003
186.0,107.0,14758
186.0,113.0,6527
186.0,114.0,4672
186.0,116.0,513
186.0,120.0,57
186.0,125.0,2696
186.0,127.0,238
186.0,128.0,41
186.0,137.0,6810
186.0,140.0,4360
186.0,141.0,6034
186.0,142.0,5602
186.0,143.0,2110
186.0,144.0,3760
186.0,148.0,2956
186.0,151.0,1227
186.0,152.0,315
186.0,158.0,4227
186.0,161.0,31999
186.0,162.0,10580
186.0,163.0,7814
186.0,164.0,8430
186.0,166.0,995
186.0,170.0,14555
186.0,186.0,3885
186.0,209.0,636
186.0,211.0,3801
186.0,224.0,2448
186.0,229.0,4588
186.0,230.0,15382
186.0,231.0,7196
186.0,232.0,1200
186.0,233.0,6657
186.0,234.0,16979
186.0,236.0,5162
186.0,237.0,6895
186.0,238.0,2325
186.0,239.0,3487
186.0,243.0,436
186.0,244.0,695
186.0,246.0,6931
186.0,249.0,9848
186.0,261.0,3105
186.0,262.0,2907
186.0,263.0,3843
209.0,4.0,427
209.0,12.0,57
209.0,13.0,729
209.0,24.0,19
209.0,41.0,33
209.0,42.0,33
209.0,43.0,219
209.0,45.0,807
209.0,48.0,637
209.0,50.0,178
209.0,68.0,592
209.0,74.0,69
209.0,75.0,212
209.0,79.0,1696
209.0,87.0,459
209.0,88.0,426
209.0,90.0,393
209.0,100.0,700
209.0,107.0,1025
209.0,113.0,526
209.0,114.0,681
209.0,116.0,30
209.0,120.0,4
209.0,125.0,335
209.0,127.0,25
209.0,128.0,2
209.0,137.0,626
209.0,140.0,431
209.0,141.0,393
209.0,142.0,226
209.0,143.0,82
209.0,144.0,1222
209.0,148.0,1099
209.0,151.0,50
209.0,152.0,15
209.0,158.0,598
209.0,161.0,1349
209.0,162.0,911
209.0,163.0,348
209.0,164.0,937
209.0,166.0,47
209.0,170.0,1128
209.0,186.0,404
209.0,209.0,660
209.0,211.0,702
209.0,224.0,310
209.0,229.0,502
209.0,230.0,573
209.0,231.0,1745
209.0,232.0,779
209.0,233.0,771
209.0,234.0,933
209.0,236.0,250
209.0,237.0,450
209.0,238.0,107
209.0,239.0,182
209.0,243.0,21
209.0,244.0,38
209.0,246.0,437
209.0,249.0,783
209.0,261.0,666
209.0,262.0,235
209.0,263.0,231
211.0,4.0,1425
211.0,12.0,86
211.0,13.0,2552
211.0,24.0,103
211.0,41.0,225
211.0,42.0,172
211.0,43.0,1084
211.0,45.0,743
211.0,48.0,2870
211.0,50.0,833
211.0,68.0,4130
211.0,74.0,205
211.0,75.0,329
211.0,79.0,7151
211.0,87.0,2525
211.0,88.0,606
211.0,90.0,4189
211.0,100.0,2415
211.0,107.0,4158
211.0,113.0,4801
211.0,114.0,2831
211.0,116.0,123
211.0,120.0,9
211.0,125.0,1714
211.0,127.0,34
211.0,128.0,11
211.0,137.0,1195
211.0,140.0,694
211.0,141.0,1186
211.0,142.0,1713
211.0,143.0,604
211.0,144.0,2892
211.0,148.0,3654
211.0,151.0,331
211.0,152.0,64
211.0,158.0,5546
211.0,161.0,6370
211.0,162.0,2280
211.0,163.0,2068
211.0,164.0,4446
211.0,166.0,268
211.0,170.0,3337
211.0,186.0,2744
211.0,209.0,707
211.0,211.0,2726
211.0,224.0,617
211.0,229.0,1090
211.0,230.0,2923
211.0,231.0,7570
211.0,232.0,1319
211.0,233.0,1232
211.0,234.0,6120
211.0,236.0,1200
211.0,237.0,2220
211.0,238.0,768
211.0,239.0,1149
211.0,243.0,119
211.0,244.0,201
211.0,246.0,3069
211.0,249.0,8033
211.0,261.0,2391
211.0,262.0,619
211.0,263.0,683
224.0,4.0,1989
224.0,12.0,17
224.0,13.0,501
224.0,24.0,80
224.0,41.0,157
224.0,42.0,135
224.0,43.0,273
224.0,45.0,239
224.0,48.0,1272
224.0,50.0,325
224.0,68.0,1826
224.0,74.0,281
224.0,75.0,535
224.0,79.0,3724
224.0,87.0,929
224.0,88.0,514
224.0,90.0,1748
224.0,100.0,1242
224.0,107.0,3611
224.0,113.0,2193
224.0,114.0,1490
224.0,116.0,78
224.0,120.0,9
224.0,125.0,401
224.0,127.0,48
224.0,128.0,2
224.0,137.0,2942
224.0,140.0,1139
224.0,141.0,1437
224.0,142.0,676
224.0,143.0,179
224.0,144.0,1126
224.0,148.0,2059
224.0,151.0,181
224.0,152.0,48
224.0,158.0,771
224.0,161.0,2037
224.0,162.0,1558
224.0,163.0,605
224.0,164.0,2145
224.0,166.0,136
224.0,170.0,3058
224.0,186.0,1819
224.0,209.0,429
224.0,211.0,836
224.0,224.0,1591
224.0,229.0,1520
224.0,230.0,772
224.0,231.0,1275
224.0,232.0,1047
224.0,233.0,1850
224.0,234.0,3461
224.0,236.0,699
224.0,237.0,866
224.0,238.0,298
224.0,239.0,416
224.0,243.0,89
224.0,244.0,121
224.0,246.0,744
224.0,249.0,2244
224.0,261.0,296
224.0,262.0,737
224.0,263.0,778
229.0,4.0,1209
229.0,12.0,110
229.0,13.0,1405
229.0,24.0,338
229.0,41.0,635
229.0,42.0,512
229.0,43.0,3560
229.0,45.0,505
229.0,48.0,5435
229.0,50.0,1413
229.0,68.0,3534
229.0,74.0,1143
229.0,75.0,2507
229.0,79.0,8496
229.0,87.0,2422
229.0,88.0,1392
229.0,90.0,2613
229.0,100.0,7293
229.0,107.0,9924
229.0,113.0,3071
229.0,114.0,2395
229.0,116.0,310
229.0,120.0,34
229.0,125.0,820
229.0,127.0,166
229.0,128.0,32
229.0,137.0,9706
229.0,140.0,10589
229.0,141.0,16141
229.0,142.0,6168
229.0,143.0,1529
229.0,144.0,1787
229.0,148.0,2282
229.0,151.0,1045
229.0,152.0,160
229.0,158.0,1475
229.0,161.0,15729
229.0,162.0,13980
229.0,163.0,7014
229.0,164.0,7738
229.0,166.0,814
229.0,170.0,12437
229.0,186.0,5687
229.0,209.0,717
229.0,211.0,1436
229.0,224.0,2027
229.0,229.0,9791
229.0,230.0,5267
229.0,231.0,2866
229.0,232.0,938
229.0,233.0,11623
229.0,234.0,6974
229.0,236.0,10610
229.0,237.0,14816
229.0,238.0,2634
229.0,239.0,3665
229.0,243.0,401
229.0,244.0,446
229.0,246.0,1832
229.0,249.0,3398
229.0,261.0,925
229.0,262.0,7348
229.0,263.0,7844
230.0,4.0,920
230.0,12.0,256
230.0,13.0,4138
230.0,24.0,864
230.0,41.0,1587
230.0,42.0,1186
230.0,43.0,9795
230.0,45.0,852
230.0,48.0,14331
230.0,50.0,7718
230.0,68.0,11569
230.0,74.0,1143
230.0,75.0,1911
230.0,79.0,5415
230.0,87.0,2535
230.0,88.0,1493
230.0,90.0,5183
230.0,100.0,17308
230.0,107.0,6125
230.0,113.0,3727
230.0,114.0,3309
230.0,116.0,770
230.0,120.0,86
230.0,125.0,1959
230.0,127.0,498
230.0,128.0,69
230.0,137.0,2858
230.0,140.0,3003
230.0,141.0,5849
230.0,142.0,14984
230.0,143.0,4831
230.0,144.0,3605
230.0,148.0,2026
230.0,151.0,2331
230.0,152.0,514
230.0,158.0,4195
230.0,161.0,20431
230.0,162.0,11503
230.0,163.0,10240
230.0,164.0,11894
230.0,166.0,1456
230.0,170.0,10457
230.0,186.0,18975
230.0,209.0,643
230.0,211.0,3851
230.0,224.0,1096
230.0,229.0,5140
230.0,230.0,13879
230.0,231.0,6184
230.0,232.0,735
230.0,233.0,5130
230.0,234.0,8759
230.0,236.0,6167
230.0,237.0,9369
230.0,238.0,5086
230.0,239.0,7890
230.0,243.0,870
230.0,244.0,1242
230.0,246.0,7078
230.0,249.0,7039
230.0,261.0,4881
230.0,262.0,2545
230.0,263.0,3743
231.0,4.0,2006
231.0,12.0,424
231.0,13.0,8253
231.0,24.0,238
231.0,41.0,493
231.0,42.0,326
231.0,43.0,1864
231.0,45.0,2697
231.0,48.0,6790
231.0,50.0,2215
231.0,68.0,8950
231.0,74.0,390
231.0,75.0,784
231.0,79.0,11012
231.0,87.0,8255
231.0,88.0,2363
231.0,90.0,6689
231.0,100.0,4579
231.0,107.0,7068
231.0,113.0,8410
231.0,114.0,7298
231.0,116.0,249
231.0,120.0,18
231.0,125.0,5304
231.0,127.0,138
231.0,128.0,43
231.0,137.0,2852
231.0,140.0,2026
231.0,141.0,2683
231.0,142.0,3222
231.0,143.0,1529
231.0,144.0,8031
231.0,148.0,6255
231.0,151.0,694
231.0,152.0,142
231.0,158.0,9539
231.0,161.0,12608
231.0,162.0,4742
231.0,163.0,3815
231.0,164.0,7439
231.0,166.0,538
231.0,170.0,6722
231.0,186.0,4209
231.0,209.0,2037
231.0,211.0,9062
231.0,224.0,1384
231.0,229.0,2512
231.0,230.0,5660
231.0,231.0,18144
231.0,232.0,2926
231.0,233.0,3077
231.0,234.0,10855
231.0,236.0,2479
231.0,237.0,3753
231.0,238.0,1769
231.0,239.0,2480
231.0,243.0,264
231.0,244.0,434
231.0,246.0,6304
231.0,249.0,13664
231.0,261.0,5904
231.0,262.0,1299
231.0,263.0,1464
232.0,4.0,806
232.0,12.0,22
232.0,13.0,333
232.0,24.0,32
232.0,41.0,83
232.0,42.0,92
232.0,43.0,170
232.0,45.0,405
232.0,48.0,503
232.0,50.0,195
232.0,68.0,634
232.0,74.0,122
232.0,75.0,205
232.0,79.0,2492
232.0,87.0,680
232.0,88.0,262
232.0,90.0,564
232.0,100.0,422
232.0,107.0,1299
232.0,113.0,938
232.0,114.0,969
232.0,116.0,50
232.0,120.0,15
232.0,125.0,355
232.0,127.0,28
232.0,128.0,2
232.0,137.0,571
232.0,140.0,286
232.0,141.0,429
232.0,142.0,296
232.0,143.0,128
232.0,144.0,1242
232.0,148.0,1203
232.0,151.0,91
232.0,152.0,18
232.0,158.0,515
232.0,161.0,643
232.0,162.0,605
232.0,163.0,234
232.0,164.0,712
232.0,166.0,72
232.0,170.0,945
232.0,186.0,503
232.0,209.0,310
232.0,211.0,687
232.0,224.0,392
232.0,229.0,391
232.0,230.0,279
232.0,231.0,1367
232.0,232.0,2334
232.0,233.0,597
232.0,234.0,1054
232.0,236.0,239
232.0,237.0,289
232.0,238.0,191
232.0,239.0,252
232.0,243.0,44
232.0,244.0,53
232.0,246.0,394
232.0,249.0,996
232.0,261.0,299
232.0,262.0,213
232.0,263.0,272
233.0,4.0,1169
233.0,12.0,151
233.0,13.0,1320
233.0,24.0,222
233.0,41.0,492
233.0,42.0,319
233.0,43.0,2378
233.0,45.0,477
233.0,48.0,4811
233.0,50.0,1214
233.0,68.0,3319
233.0,74.0,662
233.0,75.0,1513
233.0,79.0,7734
233.0,87.0,2087
233.0,88.0,1351
233.0,90.0,2373
233.0,100.0,8038
233.0,107.0,9016
233.0,113.0,2739
233.0,114.0,2160
233.0,116.0,130
233.0,120.0,30
233.0,125.0,880
233.0,127.0,126
233.0,128.0,15
233.0,137.0,7283
233.0,140.0,5088
233.0,141.0,8989
233.0,142.0,3898
233.0,143.0,962
233.0,144.0,1786
233.0,148.0,2157
233.0,151.0,698
233.0,152.0,101
233.0,158.0,1303
233.0,161.0,12145
233.0,162.0,9264
233.0,163.0,4713
233.0,164.0,8099
233.0,166.0,539
233.0,170.0,7859
233.0,186.0,6061
233.0,209.0,549
233.0,211.0,1400
233.0,224.0,1759
233.0,229.0,7607
233.0,230.0,4869
233.0,231.0,2608
233.0,232.0,899
233.0,233.0,6947
233.0,234.0,6634
233.0,236.0,4658
233.0,237.0,7449
233.0,238.0,1516
233.0,239.0,2186
233.0,243.0,217
233.0,244.0,305
233.0,246.0,1810
233.0,249.0,3070
233.0,261.0,1009
233.0,262.0,3395
233.0,263.0,4197
234.0,4.0,4060
234.0,12.0,139
234.0,13.0,3947
234.0,24.0,525
234.0,41.0,1068
234.0,42.0,790
234.0,43.0,3426
234.0,45.0,1001
234.0,48.0,12290
234.0,50.0,3392
234.0,68.0,17916
234.0,74.0,1035
234.0,75.0,1742
234.0,79.0,17734
234.0,87.0,3737
234.0,88.0,1126
234.0,90.0,10177
234.0,100.0,11614
234.0,107.0,16720
234.0,113.0,11859
234.0,114.0,10650
234.0,116.0,601
234.0,120.0,49
234.0,125.0,4347
234.0,127.0,246
234.0,128.0,34
234.0,137.0,9851
234.0,140.0,3432
234.0,141.0,6609
234.0,142.0,6849
234.0,143.0,2290
234.0,144.0,6973
234.0,148.0,5732
234.0,151.0,1395
234.0,152.0,273
234.0,158.0,8183
234.0,161.0,29237
234.0,162.0,10494
234.0,163.0,7805
234.0,164.0,18357
234.0,166.0,912
234.0,170.0,22493
234.0,186.0,13025
234.0,209.0,1004
234.0,211.0,8284
234.0,224.0,3844
234.0,229.0,5665
234.0,230.0,9636
234.0,231.0,10722
234.0,232.0,2536
234.0,233.0,6399
234.0,234.0,17046
234.0,236.0,6109
234.0,237.0,9172
234.0,238.0,3146
234.0,239.0,4560
234.0,243.0,475
234.0,244.0,727
234.0,246.0,11813
234.0,249.0,18130
234.0,261.0,2782
234.0,262.0,3088
234.0,263.0,3473
236.0,4.0,655
236.0,12.0,39
236.0,13.0,1323
236.0,24.0,1796
236.0,41.0,3124
236.0,42.0,1575
236.0,43.0,19028
236.0,45.0,253
236.0,48.0,7235
236.0,50.0,1472
236.0,68.0,3968
236.0,74.0,7404
236.0,75.0,14622
236.0,79.0,3160
236.0,87.0,1338
236.0,88.0,767
236.0,90.0,2284
236.0,100.0,6245
236.0,107.0,4824
236.0,113.0,2851
236.0,114.0,1833
236.0,116.0,651
236.0,120.0,75
236.0,125.0,711
236.0,127.0,244
236.0,128.0,43
236.0,137.0,2730
236.0,140.0,13013
236.0,141.0,22680
236.0,142.0,20639
236.0,143.0,4834
236.0,144.0,1275
236.0,148.0,1113
236.0,151.0,6496
236.0,152.0,495
236.0,158.0,1517
236.0,161.0,27286
236.0,162.0,21858
236.0,163.0,12674
236.0,164.0,6415
236.0,166.0,4683
236.0,170.0,8128
236.0,186.0,5102
236.0,209.0,358
236.0,211.0,1199
236.0,224.0,778
236.0,229.0,9058
236.0,230.0,8396
236.0,231.0,2778
236.0,232.0,618
236.0,233.0,3813
236.0,234.0,5730
236.0,236.0,51017
236.0,237.0,58760
236.0,238.0,20054
236.0,239.0,23151
236.0,243.0,645
236.0,244.0,1205
236.0,246.0,2313
236.0,249.0,2976
236.0,261.0,657
236.0,262.0,18624
236.0,263.0,15276
237.0,4.0,868
237.0,12.0,91
237.0,13.0,1737
237.0,24.0,1265
237.0,41.0,1924
237.0,42.0,1212
237.0,43.0,18414
237.0,45.0,394
237.0,48.0,9547
237.0,50.0,2095
237.0,68.0,5547
237.0,74.0,2999
237.0,75.0,8259
237.0,79.0,4581
237.0,87.0,1727
237.0,88.0,968
237.0,90.0,3718
237.0,100.0,9151
237.0,107.0,8568
237.0,113.0,4783
237.0,114.0,2999
237.0,116.0,433
237.0,120.0,69
237.0,125.0,1123
237.0,127.0,226
237.0,128.0,51
237.0,137.0,3842
237.0,140.0,20211
237.0,141.0,28496
237.0,142.0,26689
237.0,143.0,6087
237.0,144.0,2405
237.0,148.0,1520
237.0,151.0,4080
237.0,152.0,358
237.0,158.0,2642
237.0,161.0,38912
237.0,162.0,31766
237.0,163.0,15369
237.0,164.0,11220
237.0,166.0,2847
237.0,170.0,14315
237.0,186.0,6823
237.0,209.0,478
237.0,211.0,2773
237.0,224.0,992
237.0,229.0,13683
237.0,230.0,11957
237.0,231.0,4024
237.0,232.0,818
237.0,233.0,6980
237.0,234.0,9332
237.0,236.0,65693
237.0,237.0,55479
237.0,238.0,11613
237.0,239.0,16375
237.0,243.0,534
237.0,244.0,987
237.0,246.0,3388
237.0,249.0,5092
237.0,261.0,1119
237.0,262.0,13809
237.0,263.0,19376
238.0,4.0,302
238.0,12.0,53
238.0,13.0,750
238.0,24.0,4503
238.0,41.0,3665
238.0,42.0,1786
238.0,43.0,10218
238.0,45.0,120
238.0,48.0,6746
238.0,50.0,2074
238.0,68.0,3370
238.0,74.0,3727
238.0,75.0,6911
238.0,79.0,1359
238.0,87.0,320
238.0,88.0,175
238.0,90.0,1185
238.0,100.0,1989
238.0,107.0,1710
238.0,113.0,1055
238.0,114.0,723
238.0,116.0,1721
238.0,120.0,64
238.0,125.0,388
238.0,127.0,400
238.0,128.0,128
238.0,137.0,1096
238.0,140.0,3127
238.0,141.0,4976
238.0,142.0,20907
238.0,143.0,7975
238.0,144.0,477
238.0,148.0,527
238.0,151.0,10991
238.0,152.0,1464
238.0,158.0,994
238.0,161.0,6717
238.0,162.0,4082
238.0,163.0,5378
238.0,164.0,1796
238.0,166.0,10523
238.0,170.0,2263
238.0,186.0,1428
238.0,209.0,93
238.0,211.0,535
238.0,224.0,293
238.0,229.0,2084
238.0,230.0,4642
238.0,231.0,1387
238.0,232.0,307
238.0,233.0,1191
238.0,234.0,2220
238.0,236.0,16760
238.0,237.0,9892
238.0,238.0,14789
238.0,239.0,24764
238.0,243.0,1234
238.0,244.0,2835
238.0,246.0,2034
238.0,249.0,1346
238.0,261.0,277
238.0,262.0,3805
238.0,263.0,5714
239.0,4.0,472
239.0,12.0,55
239.0,13.0,1156
239.0,24.0,4341
239.0,41.0,3580
239.0,42.0,1535
239.0,43.0,13030
239.0,45.0,171
239.0,48.0,13094
239.0,50.0,3620
239.0,68.0,6016
239.0,74.0,2523
239.0,75.0,3944
239.0,79.0,2617
239.0,87.0,745
239.0,88.0,259
239.0,90.0,1991
239.0,100.0,4038
239.0,107.0,2884
239.0,113.0,1742
239.0,114.0,1397
239.0,116.0,1692
239.0,120.0,121
239.0,125.0,548
239.0,127.0,552
239.0,128.0,99
239.0,137.0,1581
239.0,140.0,4696
239.0,141.0,8327
239.0,142.0,34108
239.0,143.0,13569
239.0,144.0,867
239.0,148.0,827
239.0,151.0,15275
239.0,152.0,1045
239.0,158.0,1706
239.0,161.0,11861
239.0,162.0,7237
239.0,163.0,9917
239.0,164.0,3311
239.0,166.0,8863
239.0,170.0,3836
239.0,186.0,2829
239.0,209.0,155
239.0,211.0,1029
239.0,224.0,556
239.0,229.0,3232
239.0,230.0,10264
239.0,231.0,2213
239.0,232.0,446
239.0,233.0,1974
239.0,234.0,3634
239.0,236.0,20115
239.0,237.0,14039
239.0,238.0,30700
239.0,239.0,22595
239.0,243.0,1463
239.0,244.0,2848
239.0,246.0,3285
239.0,249.0,2605
239.0,261.0,505
239.0,262.0,4824
239.0,263.0,7080
243.0,4.0,13
243.0,13.0,9
243.0,24.0,24
243.0,41.0,50
243.0,42.0,68
243.0,43.0,15
243.0,45.0,1
243.0,48.0,95
243.0,50.0,21
243.0,68.0,56
243.0,74.0,61
243.0,75.0,40
243.0,79.0,30
243.0,87.0,2
243.0,88.0,8
243.0,90.0,25
243.0,100.0,15
243.0,107.0,18
243.0,113.0,5
243.0,114.0,15
243.0,116.0,104
243.0,120.0,38
243.0,125.0,5
243.0,127.0,159
243.0,128.0,12
243.0,137.0,8
243.0,140.0,15
243.0,141.0,21
243.0,142.0,43
243.0,143.0,38
243.0,144.0,4
243.0,148.0,17
243.0,151.0,43
243.0,152.0,39
243.0,158.0,15
243.0,161.0,18
243.0,162.0,16
243.0,163.0,21
243.0,164.0,15
243.0,166.0,94
243.0,170.0,16
243.0,186.0,7
243.0,209.0,1
243.0,211.0,5
243.0,224.0,10
243.0,229.0,13
243.0,230.0,18
243.0,231.0,23
243.0,232.0,3
243.0,233.0,13
243.0,234.0,26
243.0,236.0,25
243.0,237.0,17
243.0,238.0,107
243.0,239.0,83
243.0,243.0,544
243.0,244.0,384
243.0,246.0,21
243.0,249.0,23
243.0,261.0,7
243.0,262.0,19
243.0,263.0,22
244.0,4.0,35
244.0,12.0,4
244.0,13.0,39
244.0,24.0,144
244.0,41.0,250
244.0,42.0,406
244.0,43.0,168
244.0,45.0,8
244.0,48.0,374
244.0,50.0,162
244.0,68.0,245
244.0,74.0,307
244.0,75.0,187
244.0,79.0,124
244.0,87.0,23
244.0,88.0,17
244.0,90.0,83
244.0,100.0,116
244.0,107.0,81
244.0,113.0,61
244.0,114.0,60
244.0,116.0,773
244.0,120.0,70
244.0,125.0,22
244.0,127.0,159
244.0,128.0,41
244.0,137.0,59
244.0,140.0,209
244.0,141.0,123
244.0,142.0,338
244.0,143.0,211
244.0,144.0,23
244.0,148.0,22
244.0,151.0,269
244.0,152.0,324
244.0,158.0,67
244.0,161.0,158
244.0,162.0,114
244.0,163.0,131
244.0,164.0,90
244.0,166.0,681
244.0,170.0,102
244.0,186.0,51
244.0,209.0,4
244.0,211.0,26
244.0,224.0,14
244.0,229.0,83
244.0,230.0,152
244.0,231.0,106
244.0,232.0,13
244.0,233.0,76
244.0,234.0,125
244.0,236.0,201
244.0,237.0,187
244.0,238.0,471
244.0,239.0,483
244.0,243.0,447
244.0,244.0,1646
244.0,246.0,126
244.0,249.0,83
244.0,261.0,20
244.0,262.0,101
244.0,263.0,104
246.0,4.0,804
246.0,12.0,179
246.0,13.0,2858
246.0,24.0,404
246.0,41.0,671
246.0,42.0,394
246.0,43.0,2163
246.0,45.0,415
246.0,48.0,13887
246.0,50.0,4468
246.0,68.0,12979
246.0,74.0,404
246.0,75.0,710
246.0,79.0,4417
246.0,87.0,1544
246.0,88.0,645
246.0,90.0,6715
246.0,100.0,6106
246.0,107.0,4352
246.0,113.0,3880
246.0,114.0,2908
246.0,116.0,351
246.0,120.0,22
246.0,125.0,1789
246.0,127.0,206
246.0,128.0,27
246.0,137.0,1621
246.0,140.0,982
246.0,141.0,2047
246.0,142.0,5158
246.0,143.0,2248
246.0,144.0,2368
246.0,148.0,1706
246.0,151.0,1079
246.0,152.0,242
246.0,158.0,4449
246.0,161.0,8855
246.0,162.0,2969
246.0,163.0,4848
246.0,164.0,6637
246.0,166.0,902
246.0,170.0,5542
246.0,186.0,3670
246.0,209.0,317
246.0,211.0,3039
246.0,224.0,685
246.0,229.0,1562
246.0,230.0,6313
246.0,231.0,5392
246.0,232.0,644
246.0,233.0,1618
246.0,234.0,10077
246.0,236.0,2261
246.0,237.0,3390
246.0,238.0,2353
246.0,239.0,3468
246.0,243.0,318
246.0,244.0,548
246.0,246.0,10125
246.0,249.0,7411
246.0,261.0,1252
246.0,262.0,810
246.0,263.0,1211
249.0,4.0,3710
249.0,12.0,168
249.0,13.0,5843
249.0,24.0,509
249.0,41.0,936
249.0,42.0,675
249.0,43.0,2349
249.0,45.0,1186
249.0,48.0,11149
249.0,50.0,3073
249.0,68.0,17513
249.0,74.0,739
249.0,75.0,1283
249.0,79.0,20342
249.0,87.0,4592
249.0,88.0,1066
249.0,90.0,13555
249.0,100.0,5719
249.0,107.0,12252
249.0,113.0,11869
249.0,114.0,10307
249.0,116.0,663
249.0,120.0,40
249.0,125.0,6129
249.0,127.0,291
249.0,128.0,43
249.0,137.0,4202
249.0,140.0,1995
249.0,141.0,3815
249.0,142.0,4898
249.0,143.0,1842
249.0,144.0,9062
249.0,148.0,7038
249.0,151.0,1348
249.0,152.0,296
249.0,158.0,9495
249.0,161.0,13389
249.0,162.0,5209
249.0,163.0,4423
249.0,164.0,9814
249.0,166.0,914
249.0,170.0,9479
249.0,186.0,5961
249.0,209.0,1083
249.0,211.0,9896
249.0,224.0,2226
249.0,229.0,3140
249.0,230.0,6586
249.0,231.0,16183
249.0,232.0,2277
249.0,233.0,3293
249.0,234.0,17865
249.0,236.0,3658
249.0,237.0,4921
249.0,238.0,2558
249.0,239.0,3710
249.0,243.0,520
249.0,244.0,834
249.0,246.0,9273
249.0,249.0,15725
249.0,261.0,2993
249.0,262.0,1819
249.0,263.0,2544
261.0,4.0,522
261.0,12.0,237
261.0,13.0,1622
261.0,24.0,41
261.0,41.0,91
261.0,42.0,73
261.0,43.0,1060
261.0,45.0,1410
261.0,48.0,3441
261.0,50.0,728
261.0,68.0,2846
261.0,74.0,95
261.0,75.0,216
261.0,79.0,2569
261.0,87.0,1945
261.0,88.0,1226
261.0,90.0,1232
261.0,100.0,2257
261.0,107.0,1287
261.0,113.0,1376
261.0,114.0,1637
261.0,116.0,72
261.0,120.0,2
261.0,125.0,1150
261.0,127.0,35
261.0,128.0,9
261.0,137.0,772
261.0,140.0,522
261.0,141.0,648
261.0,142.0,846
261.0,143.0,249
261.0,144.0,2727
261.0,148.0,1725
261.0,151.0,144
261.0,152.0,36
261.0,158.0,2055
261.0,161.0,5190
261.0,162.0,1961
261.0,163.0,1608
261.0,164.0,3543
261.0,166.0,113
261.0,170.0,2135
261.0,186.0,1621
261.0,209.0,607
261.0,211.0,3535
261.0,224.0,327
261.0,229.0,740
261.0,230.0,3624
261.0,231.0,5916
261.0,232.0,687
261.0,233.0,1272
261.0,234.0,2424
261.0,236.0,476
261.0,237.0,1037
261.0,238.0,339
261.0,239.0,620
261.0,243.0,77
261.0,244.0,79
261.0,246.0,1794
261.0,249.0,2386
261.0,261.0,2369
261.0,262.0,355
261.0,263.0,333
262.0,4.0,501
262.0,12.0,31
262.0,13.0,552
262.0,24.0,459
262.0,41.0,867
262.0,42.0,504
262.0,43.0,3752
262.0,45.0,215
262.0,48.0,2192
262.0,50.0,499
262.0,68.0,1418
262.0,74.0,3879
262.0,75.0,5328
262.0,79.0,2170
262.0,87.0,989
262.0,88.0,581
262.0,90.0,920
262.0,100.0,2900
262.0,107.0,2785
262.0,113.0,1158
262.0,114.0,850
262.0,116.0,224
262.0,120.0,23
262.0,125.0,392
262.0,127.0,135
262.0,128.0,18
262.0,137.0,2282
262.0,140.0,8712
262.0,141.0,9262
262.0,142.0,4515
262.0,143.0,995
262.0,144.0,750
262.0,148.0,870
262.0,151.0,1385
262.0,152.0,159
262.0,158.0,518
262.0,161.0,6988
262.0,162.0,7047
262.0,163.0,2796
262.0,164.0,2859
262.0,166.0,959
262.0,170.0,3635
262.0,186.0,2245
262.0,209.0,319
262.0,211.0,580
262.0,224.0,735
262.0,229.0,5466
262.0,230.0,2154
262.0,231.0,1114
262.0,232.0,386
262.0,233.0,3688
262.0,234.0,2876
262.0,236.0,18781
262.0,237.0,11894
262.0,238.0,3470
262.0,239.0,3906
262.0,243.0,312
262.0,244.0,506
262.0,246.0,679
262.0,249.0,1316
262.0,261.0,265
262.0,262.0,6335
262.0,263.0,8022
263.0,4.0,767
263.0,12.0,34
263.0,13.0,683
263.0,24.0,701
263.0,41.0,1649
263.0,42.0,1124
263.0,43.0,4953
263.0,45.0,196
263.0,48.0,3948
263.0,50.0,911
263.0,68.0,2222
263.0,74.0,7605
263.0,75.0,10758
263.0,79.0,3878
263.0,87.0,1018
263.0,88.0,619
263.0,90.0,1273
263.0,100.0,3967
263.0,107.0,3927
263.0,113.0,1291
263.0,114.0,1197
263.0,116.0,443
263.0,120.0,81
263.0,125.0,456
263.0,127.0,245
263.0,128.0,30
263.0,137.0,3342
263.0,140.0,8506
263.0,141.0,19477
263.0,142.0,6423
263.0,143.0,1695
263.0,144.0,876
263.0,148.0,1322
263.0,151.0,2176
263.0,152.0,362
263.0,158.0,922
263.0,161.0,8449
263.0,162.0,7695
263.0,163.0,3605
263.0,164.0,3811
263.0,166.0,1382
263.0,170.0,4746
263.0,186.0,3435
263.0,209.0,295
263.0,211.0,669
263.0,224.0,1107
263.0,229.0,7684
263.0,230.0,3516
263.0,231.0,1435
263.0,232.0,522
263.0,233.0,4569
263.0,234.0,3267
263.0,236.0,17807
263.0,237.0,13784
263.0,238.0,5896
263.0,239.0,6486
263.0,243.0,412
263.0,244.0,693
263.0,246.0,1142
263.0,249.0,1774
263.0,261.0,356
263.0,262.0,8750
263.0,263.0,9881
